full_date,weekday,time,mood,activities,month,mood_numeric,colors
2024-12-31,Tuesday,10:45 PM,Bien,Buen sueño | Feliz | Emocionado | Relajado | Contento | Aburrido | Ansioso | Productivo | Motivado | Nostálgico | Evento | Iniciar temprano,12,4,limegreen
2024-12-30,Monday,11:10 PM,Bien,Buen sueño | Feliz | Relajado | Contento | Productivo | Motivado | Lectura | Iniciar temprano | Enfocado | IA & Data | Proyecto,12,4,limegreen
2024-12-29,Sunday,11:03 PM,Bien,Buen sueño | Feliz | Relajado | Contento | Productivo | Motivado | Iniciar temprano | Enfocado | Inglés | Estudio | Skin care,12,4,limegreen
2024-12-28,Saturday,10:33 PM,Bien,Buen sueño | Relajado | Contento | Productivo | Motivado | Lectura | Enfocado | IA & Data,12,4,limegreen
2024-12-27,Friday,11:56 PM,Bien,Buen sueño | Feliz | Relajado | Contento | Productivo | Lectura | Enfocado | IA & Data | Proyecto,12,4,limegreen
2024-12-26,Thursday,10:45 PM,Bien,Sueño medio | Relajado | IA & Data | Proyecto,12,4,limegreen
2024-12-25,Wednesday,10:45 PM,Mal,Sueño malo | Cansado | Ansioso | Estresado | Decepcionado | Desmotivado | Pensativo | Preocupado | Iniciar temprano | Proyecto,12,2,orange
2024-12-24,Tuesday,10:45 PM,Mal,Sueño malo | Relajado | Contento | Pensativo | Preocupado | Proyecto,12,2,orange
2024-12-23,Monday,11:23 PM,Mal,Buen sueño | Relajado | Contento | Ansioso | Enojado | Estresado | Desesperado | Decepcionado | Salida | Skin care | Protector solar,12,2,orange
2024-12-22,Sunday,10:45 PM,Bien,Buen sueño | Feliz | Relajado | Contento | Productivo | Lectura | Enfocado | IA & Data | Skin care,12,4,limegreen
2024-12-21,Saturday,11:15 PM,Increíble,Buen sueño | Feliz | Emocionado | Contento | Cansado | Salida | Vacaciones | Skin care,12,5,turquoise
2024-12-20,Friday,10:54 PM,Bien,Buen sueño | Relajado | Contento | Lectura | Salida | Skin care | Protector solar,12,4,limegreen
2024-12-19,Thursday,11:57 PM,Bien,Sueño medio | Feliz | Relajado | Contento | Procrastinar | Productivo | Comer sano | Lectura | Algoritmos | Skin care,12,4,limegreen
2024-12-18,Wednesday,10:45 PM,Meh,Sueño malo | Relajado | Contento | Aburrido | Ansioso | Procrastinar | Skin care | Protector solar,12,3,skyblue
2024-12-17,Tuesday,10:45 PM,Meh,Sueño medio | Feliz | Relajado | Contento | Procrastinar | Nostálgico | Entretenimiento | Evento,12,3,skyblue
2024-12-16,Monday,10:45 PM,Bien,Sueño medio | Feliz | Relajado | Contento | Productivo | Lectura | Entretenimiento | Enfocado | IA & Data | Proyecto | Skin care | Protector solar,12,4,limegreen
2024-12-15,Sunday,10:45 PM,Bien,Sueño medio | Feliz | Relajado | Contento | Productivo | Ocupado | Motivado | Comer sano | Lectura | Entretenimiento | Enfocado | Inglés | IA & Data | Algoritmos | Proyecto | Skin care | Protector solar,12,4,limegreen
2024-12-14,Saturday,10:25 PM,Bien,Sueño medio | Feliz | Relajado | Contento | Cansado | Aburrido | Ocupado | Lectura | Entretenimiento | Enfocado | Inglés | IA & Data | Proyecto | Skin care | Protector solar,12,4,limegreen
2024-12-13,Friday,10:45 PM,Bien,Buen sueño | Feliz | Relajado | Contento | Ocupado | Nostálgico | Agua | Entretenimiento | Evento | Haircut | Skin care | Protector solar,12,4,limegreen
2024-12-12,Thursday,11:55 PM,Bien,Buen sueño | Feliz | Relajado | Contento | Productivo | Lectura | Hacer deberes | Limpiar | Skin care | Protector solar,12,4,limegreen
2024-12-11,Wednesday,11:04 PM,Bien,Sueño medio | Feliz | Emocionado | Relajado | Contento | Procrastinar | Lectura | Entretenimiento | Hacer deberes | Skin care | Protector solar,12,4,limegreen
2024-12-10,Tuesday,10:45 PM,Bien,Buen sueño | Ansioso,12,4,limegreen
2024-12-09,Monday,10:54 PM,Meh,Sueño medio | Relajado | Aburrido | Procrastinar | Desesperado,12,3,skyblue
2024-12-08,Sunday,11:13 PM,Bien,Sueño medio | Feliz | Relajado | Contento | Productivo | Motivado | Lectura | Enfocado | IA & Data | Skin care | Protector solar,12,4,limegreen
2024-12-07,Saturday,10:50 PM,Bien,Buen sueño | Feliz | Relajado | Contento | Productivo | Lectura | Entretenimiento | Salida | Hacer deberes | Skin care | Protector solar,12,4,limegreen
2024-12-06,Friday,10:45 PM,Meh,Buen sueño | Relajado | Contento | Ansioso | IA & Data | Skin care | Protector solar,12,3,skyblue
2024-12-05,Thursday,11:44 PM,Bien,Buen sueño | Feliz | Emocionado | Relajado | Contento | Productivo | Motivado | Enfocado | IA & Data | Estudio | Skin care | Protector solar,12,4,limegreen
2024-12-04,Wednesday,10:03 PM,Meh,Sueño medio | Relajado | Aburrido | Ansioso | Procrastinar | IA & Data | Examen | Skin care | Protector solar,12,3,skyblue
2024-12-03,Tuesday,10:45 PM,Meh,Sueño medio | Aburrido | Ansioso | Procrastinar | Skin care | Protector solar,12,3,skyblue
2024-12-02,Monday,11:20 PM,Bien,Sueño medio | Relajado | Ansioso | IA & Data | Skin care | Protector solar,12,4,limegreen
2024-12-01,Sunday,10:45 PM,Bien,Sueño medio | Relajado | Skin care,12,4,limegreen
2024-11-30,Saturday,10:45 PM,Bien,Buen sueño | Feliz | Relajado | Procrastinar | Ocupado | Salida | Skin care,11,4,limegreen
2024-11-29,Friday,10:45 PM,Bien,Buen sueño | Relajado | Contento | Inseguro,11,4,limegreen
2024-11-28,Thursday,11:06 PM,Meh,Sueño medio | Cansado | Inseguro | Ansioso | Estresado | Miedo,11,3,skyblue
2024-11-27,Wednesday,10:03 PM,Meh,Sueño medio | Ansioso | Procrastinar | Estresado | IA & Data,11,3,skyblue
2024-11-26,Tuesday,10:45 PM,Bien,Sueño medio | Contento | Ansioso | Estresado,11,4,limegreen
2024-11-25,Monday,10:45 PM,Bien,Sueño medio | Feliz | Relajado | Contento | Procrastinar | Preocupado | Entretenimiento,11,4,limegreen
2024-11-24,Sunday,6:05 PM,Bien,Buen sueño | Relajado | Contento,11,4,limegreen
2024-11-23,Saturday,8:12 PM,Bien,Buen sueño | Feliz | Relajado | Contento | Motivado | Viaje | Tarea,11,4,limegreen
2024-11-22,Friday,10:45 PM,Bien,Buen sueño | Feliz | Relajado | Contento | Viaje | Vacaciones | IA & Data,11,4,limegreen
2024-11-21,Thursday,10:31 PM,Bien,Sueño medio | Feliz | Emocionado | Relajado | Contento | Salida | Vacaciones,11,4,limegreen
2024-11-20,Wednesday,10:47 PM,Mal,Sueño medio | Feliz | Relajado | Contento | Inseguro | Ansioso | Estresado | Preocupado | Viaje | Vacaciones | IA & Data,11,2,orange
2024-11-19,Tuesday,10:39 PM,Bien,Sueño medio | Feliz | Relajado | Contento | Enojado | Estresado | Ocupado | Vacaciones,11,4,limegreen
2024-11-18,Monday,10:51 PM,Bien,Buen sueño | Feliz | Relajado | Contento | Enfermo | Pensativo | Vacaciones,11,4,limegreen
2024-11-17,Sunday,10:40 PM,Bien,Buen sueño | Feliz | Emocionado | Contento | Cansado | Ocupado | Lectura | Viaje | Vacaciones,11,4,limegreen
2024-11-16,Saturday,10:45 PM,Meh,Sueño medio | Emocionado | Relajado | Contento | Cansado | Ocupado | Lectura | Visita,11,3,skyblue
2024-11-15,Friday,10:45 PM,Bien,Sueño medio | Relajado | Contento | Ocupado | Lectura | IA & Data | Examen,11,4,limegreen
2024-11-14,Thursday,10:45 PM,Bien,Sueño medio | Feliz | Relajado | Contento | Enfermo | Lectura | Skin care,11,4,limegreen
2024-11-13,Wednesday,10:49 PM,Meh,Buen sueño | Relajado | Inseguro | Enfermo | IA & Data | Skin care,11,3,skyblue
2024-11-12,Tuesday,10:45 PM,Bien,Buen sueño | Relajado | Motivado | Salida | Algoritmos | Skin care,11,4,limegreen
2024-11-11,Monday,10:45 PM,Bien,Sueño medio | Contento | Cansado | Ansioso | Procrastinar | Salida | IA & Data | Skin care,11,4,limegreen
2024-11-10,Sunday,11:31 PM,Bien,Buen sueño | Relajado | Contento | Productivo | Ocupado | Lectura | Hacer deberes | Cocinar | Skin care,11,4,limegreen
2024-11-09,Saturday,10:45 PM,Mal,Buen sueño | Cansado | Estresado | Ocupado | Desmotivado | Enfocado | Inglés | Proyecto,11,2,orange
2024-11-08,Friday,11:06 PM,Meh,Sueño malo | Relajado | Cansado | Ansioso | Estresado | Desesperado | IA & Data | Skin care,11,3,skyblue
2024-11-07,Thursday,10:45 PM,Bien,Sueño medio | Relajado | Contento | Comer sano | Lectura | Algoritmos | Cocinar | Examen | Skin care | Protector solar,11,4,limegreen
2024-11-06,Wednesday,11:03 PM,Bien,Buen sueño | Feliz | Relajado | Contento | Productivo | Motivado | Comer sano | Agua | Enfocado | Inglés | IA & Data | Cocinar | Skin care,11,4,limegreen
2024-11-05,Tuesday,11:07 PM,Bien,Buen sueño | Relajado | Contento | Productivo | Motivado | Lectura | Enfocado | Hacer deberes | Algoritmos | Cocinar | Clases completas | Skin care | Protector solar,11,4,limegreen
2024-11-04,Monday,11:06 PM,Bien,Buen sueño | Relajado | Contento | Productivo | Motivado | Comer sano | Iniciar temprano | IA & Data | Algoritmos | Cocinar | Skin care | Protector solar,11,4,limegreen
2024-11-03,Sunday,10:52 PM,Bien,Buen sueño | Relajado | Contento | Productivo | Motivado | Enfermo | Lectura | Iniciar temprano | Enfocado | IA & Data | Skin care,11,4,limegreen
2024-11-02,Saturday,10:49 PM,Bien,Buen sueño | Feliz | Emocionado | Relajado | Contento | Productivo | Motivado | Comer sano | Agua | Lectura | Enfocado | IA & Data | Reunión | Skin care,11,4,limegreen
2024-11-01,Friday,10:45 PM,Meh,Buen sueño | Feliz | Emocionado | Relajado | Enojado | Estresado | Comer sano | Reunión | Skin care,11,3,skyblue
2024-10-31,Thursday,10:45 PM,Bien,Buen sueño | Relajado | Contento | Cansado | Ansioso | Estresado | Enfermo | Doctor | Evento | Skin care,10,4,limegreen
2024-10-30,Wednesday,10:31 PM,Bien,Sueño medio | Relajado | Contento | Ejercicio | Lectura | Hacer deberes | Compras | Skin care | Protector solar,10,4,limegreen
2024-10-29,Tuesday,10:48 PM,Bien,Sueño malo | Relajado | Contento | Cansado | Ejercicio | IA & Data | Reunión | Skin care | Protector solar,10,4,limegreen
2024-10-28,Monday,11:00 PM,Bien,Sueño malo | Relajado | Contento | Cansado | Procrastinar | Comer sano | Lectura | Salida | Compras | Clases completas | Skin care | Protector solar,10,4,limegreen
2024-10-27,Sunday,10:41 PM,Bien,Buen sueño | Relajado | Contento | Comer sano | Agua | Lectura | IA & Data | Haircut | Skin care,10,4,limegreen
2024-10-26,Saturday,10:50 PM,Bien,Buen sueño | Relajado | Contento | Ansioso | Enojado | Comer sano | Lectura | Competencia | Inglés | Hacer deberes,10,4,limegreen
2024-10-25,Friday,11:14 PM,Bien,Sueño medio | Relajado | Contento | Ejercicio | Comer sano | Agua,10,4,limegreen
2024-10-24,Thursday,11:57 PM,Bien,Sueño medio | Feliz | Emocionado | Relajado | Contento | Ocupado | Enfermo | Visita | Salida,10,4,limegreen
2024-10-23,Wednesday,11:29 PM,Bien,Sueño medio | Feliz | Emocionado | Contento | Productivo | Motivado | Ejercicio | Evento | Enfocado | Limpiar,10,4,limegreen
2024-10-22,Tuesday,11:36 PM,Bien,Sueño medio | Feliz | Emocionado | Relajado | Contento | Evento | Skin care,10,4,limegreen
2024-10-21,Monday,11:30 PM,Bien,Sueño medio | Feliz | Relajado | Contento | Cansado | Procrastinar | Ejercicio | Comer sano | Agua | Correr / Cardio | Compras | Cocinar,10,4,limegreen
2024-10-20,Sunday,11:21 PM,Meh,Buen sueño | Relajado | Ansioso | Procrastinar | Lectura | Limpiar,10,3,skyblue
2024-10-19,Saturday,10:39 PM,Bien,Buen sueño | Relajado | Aburrido | Ansioso | Procrastinar | Inglés | Algoritmos,10,4,limegreen
2024-10-18,Friday,10:39 PM,Bien,Buen sueño | Relajado | Contento | Productivo | Ocupado | Comer sano | Reunión,10,4,limegreen
2024-10-17,Thursday,10:58 PM,Bien,Sueño medio | Relajado | Contento | Ejercicio | Comer sano | Agua | Algoritmos | Cocinar | Skin care,10,4,limegreen
2024-10-16,Wednesday,11:36 PM,Bien,Sueño medio | Relajado | Cansado | Estresado | Ocupado | Ejercicio | Comer sano | Agua | Salida | Iniciar temprano | Cocinar | Skin care,10,4,limegreen
2024-10-15,Tuesday,10:45 PM,Bien,Sueño medio | Contento | Cansado | Ejercicio | Comer sano | Agua | Cocinar | Skin care,10,4,limegreen
2024-10-14,Monday,10:23 PM,Bien,Sueño medio | Feliz | Relajado | Contento | Productivo | Ocupado | Motivado | Enfermo | Ejercicio | Comer sano | Agua | Algoritmos | Compras | Cocinar,10,4,limegreen
2024-10-13,Sunday,11:29 PM,Meh,Buen sueño | Relajado | Procrastinar | Estresado | Desesperado | Enfermo | Comer sano | Agua | Lectura | Reunión | Cocinar | Tarea | Haircut,10,3,skyblue
2024-10-12,Saturday,10:57 PM,Meh,Sueño medio | Relajado | Contento | Ansioso | Procrastinar | Inglés,10,3,skyblue
2024-10-11,Friday,11:00 PM,Bien,Sueño malo | Feliz | Relajado | Contento | Ocupado | Motivado | Comer sano | Agua | Reunión | Examen | Skin care,10,4,limegreen
2024-10-10,Thursday,11:01 PM,Meh,Sueño malo | Relajado | Contento | Ansioso | Estresado | Motivado | Ejercicio | Comer sano | Agua | Cocinar | Skin care,10,3,skyblue
2024-10-09,Wednesday,10:42 PM,Mal,Buen sueño | Relajado | Contento | Ansioso | Procrastinar | Confundido | Decepcionado | Agua | Salida | Reunión,10,2,orange
2024-10-08,Tuesday,11:41 PM,Bien,Buen sueño | Relajado | Contento | Cansado | Procrastinar | Motivado | Ejercicio | Comer sano | Agua | Cocinar | Skin care,10,4,limegreen
2024-10-07,Monday,10:56 PM,Bien,Sueño medio | Feliz | Emocionado | Contento | Ansioso | Motivado | Ejercicio | Comer sano | Agua | Correr / Cardio | Compras | Cocinar | Skin care | Protector solar,10,4,limegreen
2024-10-06,Sunday,11:37 PM,Bien,Sueño medio | Feliz | Relajado | Contento | Productivo | Motivado | Lectura | Enfocado | Hacer deberes | Limpiar | Skin care,10,4,limegreen
2024-10-05,Saturday,8:00 PM,Bien,Sueño medio | Relajado | Contento | Ocupado,10,4,limegreen
2024-10-04,Friday,8:00 PM,Bien,Sueño medio | Relajado | Contento | Estresado | Motivado,10,4,limegreen
2024-10-03,Thursday,8:00 PM,Bien,Sueño malo | Feliz | Relajado | Contento | Enojado | Motivado | Salida | Hacer deberes | Examen,10,4,limegreen
2024-10-02,Wednesday,11:17 PM,Meh,Sueño medio | Relajado | Ansioso | Procrastinar | Lectura | Salida,10,3,skyblue
2024-10-01,Tuesday,10:51 PM,Bien,Sueño medio | Relajado | Contento | Productivo | Ocupado | Limpiar | Skin care,10,4,limegreen
2024-09-30,Monday,10:37 PM,Bien,Sueño malo | Relajado | Contento | Inseguro | Procrastinar | Ocupado | Motivado | Enfocado | Algoritmos | Compras,9,4,limegreen
2024-09-29,Sunday,8:00 PM,Meh,Buen sueño | Relajado | Enojado | Estresado | Productivo | Ocupado | Confundido | Decepcionado | Lectura | Algoritmos | Estudio,9,3,skyblue
2024-09-28,Saturday,10:47 PM,Bien,Buen sueño | Relajado | Contento | Productivo | Ocupado | Motivado | Lectura | Enfocado | Inglés | Hacer deberes | Algoritmos | Limpiar | Estudio,9,4,limegreen
2024-09-27,Friday,8:00 PM,Bien,Sueño medio | Relajado | Contento | Estresado | Motivado | Lectura | IA & Data | Tarea | Skin care,9,4,limegreen
2024-09-26,Thursday,8:00 PM,Bien,Sueño medio | Feliz | Relajado | Contento | Procrastinar | Lectura | IA & Data | Estudio | Skin care,9,4,limegreen
2024-09-25,Wednesday,8:00 PM,Meh,Sueño medio | Relajado | Contento | Procrastinar | Estresado | Lectura | IA & Data | Estudio | Skin care,9,3,skyblue
2024-09-24,Tuesday,11:59 PM,Meh,Sueño medio | Cansado | Inseguro | Aburrido | Ansioso | Procrastinar | Triste | Clases completas | Skin care,9,3,skyblue
2024-09-23,Monday,8:00 PM,Meh,Sueño malo | Relajado | Cansado | Aburrido,9,3,skyblue
2024-09-22,Sunday,8:00 PM,Increíble,Sueño malo | Feliz | Relajado | Contento | Confundido | Motivado | Decepcionado | Salida,9,5,turquoise
2024-09-21,Saturday,9:41 AM,Increíble,Sueño medio | Feliz | Contento | Motivado | Salida | Viaje,9,5,turquoise
2024-09-20,Friday,9:40 AM,Bien,Buen sueño | Feliz | Contento | Visita,9,4,limegreen
2024-09-19,Thursday,9:39 AM,Meh,Sueño malo | Relajado | Contento | Cansado | Motivado | Clases completas,9,3,skyblue
2024-09-18,Wednesday,9:38 AM,Bien,Sueño medio | Feliz | Contento | Salida,9,4,limegreen
2024-09-17,Tuesday,11:45 PM,Meh,Sueño medio | Procrastinar | Estresado | Desesperado | Ejercicio | Comer sano | Agua | Compras | Cocinar,9,3,skyblue
2024-09-16,Monday,8:42 PM,Meh,Buen sueño | Relajado | Procrastinar | Estresado | Comer sano | Tarea,9,3,skyblue
2024-09-15,Sunday,8:00 PM,Increíble,Buen sueño | Feliz | Emocionado | Contento | Salida,9,5,turquoise
2024-09-14,Saturday,8:41 PM,Bien,Buen sueño | Relajado | Contento | Procrastinar | Comer sano | Agua,9,4,limegreen
2024-09-13,Friday,8:00 PM,Meh,Sueño medio | Relajado | Desesperado | Desmotivado | Lectura,9,3,skyblue
2024-09-12,Thursday,11:33 PM,Bien,Sueño medio | Feliz | Contento | Procrastinar | Decepcionado | Desmotivado | Ejercicio | Comer sano | Agua | IA & Data | Cocinar | Clases completas | Skin care,9,4,limegreen
2024-09-11,Wednesday,8:00 PM,Bien,Buen sueño | Feliz | Relajado | Contento | Enojado | Desesperado | Lectura | Visita | Salida | Algoritmos | Cocinar | Clases completas | Skin care | Protector solar,9,4,limegreen
2024-09-10,Tuesday,8:00 PM,Bien,Sueño medio | Relajado | Contento | Procrastinar | Ejercicio | Comer sano | Agua | Lectura | Reunión | Cocinar | Tarea | Proyecto grupal | Clases completas | Skin care,9,4,limegreen
2024-09-09,Monday,10:40 PM,Bien,Sueño medio | Contento | Cansado | Desmotivado | Ejercicio | Comer sano | Agua | Lectura | Algoritmos | Compras | Cocinar | Clases completas | Skin care,9,4,limegreen
2024-09-08,Sunday,10:34 PM,Bien,Sueño malo | Emocionado | Enamorado | Contento | Productivo | Ocupado | Lectura | Algoritmos | Limpiar | Skin care,9,4,limegreen
2024-09-07,Saturday,8:00 PM,Bien,Buen sueño | Feliz | Relajado | Contento | Decepcionado | Agua | Inglés | Algoritmos | Estudio,9,4,limegreen
2024-09-06,Friday,11:00 PM,Meh,Buen sueño | Relajado | Desesperado | Ejercicio | Comer sano | Agua | Correr / Cardio | Lectura | Examen,9,3,skyblue
2024-09-05,Thursday,9:44 PM,Bien,Buen sueño | Feliz | Relajado | Contento | Productivo | Motivado | Ejercicio | Comer sano | Agua | Lectura | Enfocado | IA & Data | Cocinar | Estudio | Skin care,9,4,limegreen
2024-09-04,Wednesday,10:47 PM,Bien,Buen sueño | Relajado | Contento | Cansado | Ejercicio | Comer sano | Agua | Cocinar | Clase,9,4,limegreen
2024-09-03,Tuesday,11:45 PM,Bien,Sueño medio | Feliz | Contento | Ejercicio | Comer sano | Agua | Cocinar | Clase | Proyecto grupal,9,4,limegreen
2024-09-02,Monday,8:00 PM,Bien,Sueño medio | Contento | Ejercicio | Comer sano | Agua | Compras | Cocinar | Clase | Estudio | Skin care,9,4,limegreen
2024-09-01,Sunday,10:14 PM,Bien,Buen sueño | Relajado | Lectura | Iniciar temprano | Limpiar,9,4,limegreen
2024-08-10,Saturday,8:00 PM,Increíble,Feliz | Salida,8,5,turquoise
2024-06-25,Tuesday,10:18 AM,Bien,Feliz | Relajado | Contento | Cansado | Ocupado | Buen sueño | Skin care | Ejercicio | Comer sano | Agua | Iniciar temprano | Hacer deberes | Inglés | Lectura | Visita,6,4,limegreen
2024-06-24,Monday,8:00 PM,Bien,Contento | Ocupado | Confundido | Buen sueño | Skin care | Ejercicio | Comer sano | Agua | Algoritmos | Lectura,6,4,limegreen
2024-06-23,Sunday,8:00 PM,Bien,Feliz | Relajado | Contento | Motivado | Productivo | Buen sueño | Skin care | Comer sano | Agua | Iniciar temprano | Enfocado | Algoritmos | Lectura,6,4,limegreen
2024-06-22,Saturday,8:00 PM,Bien,Feliz | Relajado | Contento | Cansado | Motivado | Productivo | Ocupado | Sueño medio | Skin care | Protector solar | Comer sano | Agua | Correr / Cardio | Iniciar temprano | Enfocado | Inglés | Lectura,6,4,limegreen
2024-06-21,Friday,8:00 PM,Bien,Relajado | Contento | Ansioso | Decepcionado | Procrastinar | Sueño medio | Skin care | Protector solar | Comer sano | Agua,6,4,limegreen
2024-06-20,Thursday,8:00 PM,Bien,Relajado | Contento | Decepcionado | Ocupado | Procrastinar | Sueño medio | Skin care | Comer sano | Agua | Inglés | Algoritmos,6,4,limegreen
2024-06-19,Wednesday,8:00 PM,Bien,Feliz | Relajado | Contento | Ocupado | Sueño medio | Skin care | Haircut | Ejercicio | Comer sano | Agua | Enfocado,6,4,limegreen
2024-06-18,Tuesday,12:07 AM,Bien,Feliz | Relajado | Contento | Estresado | Motivado | Productivo | Ocupado | Buen sueño | Skin care | Ejercicio | Comer sano | Agua | Correr / Cardio | Enfocado | Inglés | IA & Data,6,4,limegreen
2024-06-17,Monday,11:12 PM,Bien,Relajado | Contento | Productivo | Ocupado | Buen sueño | Skin care | Ejercicio | Comer sano | Agua | Iniciar temprano | Hacer deberes | Enfocado,6,4,limegreen
2024-06-16,Sunday,12:00 AM,Bien,Feliz | Relajado | Contento | Motivado | Productivo | Ocupado | Buen sueño | Skin care | Comer sano | Agua | Iniciar temprano | Hacer deberes | Enfocado | Inglés,6,4,limegreen
2024-06-15,Saturday,8:24 AM,Bien,Contento | Motivado | Productivo | Ocupado | Buen sueño | Skin care | Comer sano | Agua | Iniciar temprano | Enfocado | Inglés | Estudio,6,4,limegreen
2024-06-14,Friday,10:05 AM,Bien,Feliz | Relajado | Contento | Motivado | Productivo | Buen sueño | Skin care | Ejercicio | Comer sano | Agua | Iniciar temprano | Compras,6,4,limegreen
2024-06-13,Thursday,8:00 PM,Bien,Contento | Cansado | Estresado | Productivo | Ocupado | Buen sueño | Skin care | Comer sano | Agua | Inglés,6,4,limegreen
2024-06-12,Wednesday,12:10 AM,Bien,Relajado | Contento | Cansado | Motivado | Productivo | Sueño medio | Skin care | Ejercicio | Comer sano | Agua | Iniciar temprano | Enfocado,6,4,limegreen
2024-06-11,Tuesday,8:00 PM,Bien,Relajado | Contento | Cansado | Motivado | Enfermo | Ocupado | Sueño medio | Ejercicio | Comer sano | Agua | Correr / Cardio | Iniciar temprano | Enfocado | Inglés | Estudio,6,4,limegreen
2024-06-10,Monday,11:57 PM,Bien,Relajado | Contento | Enojado | Estresado | Desesperado | Motivado | Productivo | Sueño medio | Ejercicio | Comer sano | Agua | Iniciar temprano | Enfocado,6,4,limegreen
2024-06-09,Sunday,11:56 PM,Bien,Feliz | Relajado | Contento | Motivado | Productivo | Ocupado | Buen sueño | Skin care | Comer sano | Agua | Iniciar temprano | Hacer deberes | Enfocado | Inglés | Limpiar | Estudio,6,4,limegreen
2024-06-08,Saturday,11:58 PM,Bien,Relajado | Cansado | Motivado | Productivo | Buen sueño | Comer sano | Iniciar temprano | Hacer deberes | Limpiar,6,4,limegreen
2024-06-07,Friday,11:45 AM,Bien,Relajado | Contento | Ansioso | Sueño medio | Iniciar temprano | Examen,6,4,limegreen
2024-06-06,Thursday,11:44 AM,Meh,Contento | Cansado | Ansioso | Estresado | Desesperado | Procrastinar | Sueño medio,6,3,skyblue
2024-06-05,Wednesday,11:41 PM,Meh,Cansado | Ansioso | Estresado | Desesperado | Desmotivado | Sueño malo | Estudio,6,3,skyblue
2024-06-04,Tuesday,8:00 PM,Meh,Cansado | Ansioso | Estresado | Desmotivado | Procrastinar | Sueño malo | Estudio,6,3,skyblue
2024-06-03,Monday,11:45 PM,Bien,Cansado | Ansioso | Productivo | Ocupado | Buen sueño | Comer sano | Tarea,6,4,limegreen
2024-06-02,Sunday,11:09 PM,Bien,Relajado | Contento | Motivado | Productivo | Buen sueño | Tarea,6,4,limegreen
2024-06-01,Saturday,12:42 AM,Bien,Feliz | Emocionado | Relajado | Contento | Motivado | Productivo | Buen sueño | Comer sano | Agua | Tarea | Reunión,6,4,limegreen
2024-05-31,Friday,8:00 PM,Bien,Relajado | Contento | Cansado | Inseguro | Motivado | Sueño malo | Limpiar,5,4,limegreen
2024-05-30,Thursday,10:14 AM,Meh,Feliz | Contento | Cansado | Ansioso | Estresado | Desesperado | Procrastinar | Sueño malo | Visita,5,3,skyblue
2024-05-29,Wednesday,10:13 AM,Meh,Contento | Cansado | Ansioso | Estresado | Procrastinar | Sueño malo | Visita,5,3,skyblue
2024-05-28,Tuesday,8:00 PM,Meh,Cansado | Estresado | Desesperado | Desmotivado | Procrastinar | Sueño malo | Tarea,5,3,skyblue
2024-05-27,Monday,8:00 PM,Bien,Feliz | Contento | Cansado | Estresado | Procrastinar | Sueño malo | Salida,5,4,limegreen
2024-05-26,Sunday,11:42 PM,Bien,Feliz | Relajado | Contento | Cansado | Estresado | Confundido | Sueño temprano | Enfocado | Tarea,5,4,limegreen
2024-05-25,Saturday,3:02 PM,Increíble,Feliz | Emocionado | Enamorado | Relajado | Contento | Decepcionado | Sin dormir | Competencia,5,5,turquoise
2024-05-24,Friday,3:01 PM,Bien,Feliz | Enamorado | Relajado | Contento | Cansado | Estresado | Decepcionado | Motivado | Sin dormir | Competencia,5,4,limegreen
2024-05-23,Thursday,11:20 PM,Meh,Relajado | Contento | Procrastinar | Sueño medio | Enfocado | Inglés | Limpiar,5,3,skyblue
2024-05-22,Wednesday,11:20 PM,Bien,Feliz | Relajado | Contento | Ansioso | Sueño medio | Visita,5,4,limegreen
2024-05-21,Tuesday,3:24 PM,Meh,Contento | Cansado | Estresado | Desesperado | Procrastinar | Sueño medio,5,3,skyblue
2024-05-20,Monday,12:39 AM,Bien,Feliz | Enamorado | Relajado | Contento | Procrastinar | Sueño malo | Visita,5,4,limegreen
2024-05-19,Sunday,12:39 AM,Horrible,Relajado | Cansado | Aburrido | Ansioso | Enojado | Decepcionado | Desmotivado | Sueño medio,5,1,crimson
2024-05-18,Saturday,9:53 PM,Mal,Contento | Cansado | Inseguro | Triste | Sin dormir | Enfocado | Competencia,5,2,orange
2024-05-17,Friday,9:52 PM,Bien,Contento | Cansado | Ocupado | Sin dormir | Enfocado | Competencia,5,4,limegreen
2024-05-16,Thursday,3:52 AM,Bien,Relajado | Contento | Cansado | Buen sueño | Iniciar temprano | Competencia,5,4,limegreen
2024-05-15,Wednesday,11:53 PM,Bien,Relajado | Contento | Productivo | Ocupado | Buen sueño | Comer sano | Agua | Iniciar temprano | Hacer deberes | Enfocado | Lectura | Cocinar | Estudio,5,4,limegreen
2024-05-14,Tuesday,11:22 PM,Bien,Feliz | Relajado | Contento | Desesperado | Desmotivado | Procrastinar | Sueño medio | Inglés | Lectura | Vacaciones,5,4,limegreen
2024-05-13,Monday,12:06 AM,Bien,Relajado | Contento | Procrastinar | Sueño medio | Tarea,5,4,limegreen
2024-05-12,Sunday,12:05 AM,Bien,Relajado | Contento | Productivo | Procrastinar | Buen sueño | Tarea,5,4,limegreen
2024-05-11,Saturday,12:54 AM,Bien,Feliz | Relajado | Contento | Ocupado | Buen sueño | Compras | Limpiar,5,4,limegreen
2024-05-10,Friday,11:28 PM,Bien,Feliz | Relajado | Contento | Sueño malo | Skin care,5,4,limegreen
2024-05-09,Thursday,11:07 PM,Bien,Enamorado | Relajado | Contento | Sueño medio | Comer sano | Agua | Inglés | Cocinar | Tarea,5,4,limegreen
2024-05-08,Wednesday,11:58 PM,Bien,Relajado | Contento | Cansado | Estresado | Procrastinar | Sueño medio | Skin care | Haircut | Ejercicio | Comer sano | Agua | Cocinar,5,4,limegreen
2024-05-07,Tuesday,11:58 PM,Bien,Relajado | Contento | Cansado | Aburrido | Desesperado | Sueño malo | Skin care | Protector solar | Comer sano | Agua | Cocinar,5,4,limegreen
2024-05-06,Monday,11:29 PM,Bien,Feliz | Relajado | Contento | Sueño medio | Ejercicio | Comer sano | Agua | Correr / Cardio | Inglés | Lectura | Cocinar | Estudio | Clases completas,5,4,limegreen
2024-05-05,Sunday,10:40 PM,Bien,Relajado | Contento | Procrastinar | Buen sueño | Comer sano | Limpiar | Cocinar,5,4,limegreen
2024-05-04,Saturday,10:35 AM,Bien,Relajado | Contento | Cansado | Procrastinar | Buen sueño | Tarea,5,4,limegreen
2024-05-03,Friday,10:34 AM,Meh,Emocionado | Enamorado | Relajado | Contento | Cansado | Decepcionado | Sin dormir | Enfocado | Competencia,5,3,skyblue
2024-05-02,Thursday,10:42 PM,Bien,Emocionado | Relajado | Contento | Estresado | Desesperado | Ocupado | Sueño medio | Skin care | Agua | Enfocado | Competencia,5,4,limegreen
2024-05-01,Wednesday,12:04 AM,Bien,Relajado | Contento | Cansado | Productivo | Ocupado | Buen sueño | Skin care | Iniciar temprano | Hacer deberes | Enfocado | Inglés | Cocinar | Tarea,5,4,limegreen
2024-04-30,Tuesday,10:32 PM,Bien,Contento | Ansioso | Estresado | Sueño medio | Skin care | Protector solar | Agua | Inglés | Cocinar | Estudio | Tarea,4,4,limegreen
2024-04-29,Monday,12:01 AM,Bien,Relajado | Contento | Cansado | Estresado | Sueño medio | Tarea | Clases completas,4,4,limegreen
2024-04-28,Sunday,12:01 AM,Bien,Relajado | Contento | Sueño medio | Comer sano | Agua | Inglés | Limpiar | Cocinar,4,4,limegreen
2024-04-27,Saturday,11:24 PM,Bien,Feliz | Relajado | Contento | Procrastinar | Buen sueño | Comer sano | Agua | Iniciar temprano | Enfocado | Limpiar | Salida,4,4,limegreen
2024-04-26,Friday,12:35 AM,Meh,Cansado | Enojado | Estresado | Miedo | Sueño medio | Skin care | Protector solar | Agua | IA & Data | Lectura,4,3,skyblue
2024-04-25,Thursday,11:49 PM,Bien,Feliz | Relajado | Contento | Motivado | Sueño malo | Skin care | Protector solar | Inglés | Limpiar | Clase | Salida,4,4,limegreen
2024-04-24,Wednesday,11:36 PM,Bien,Feliz | Contento | Cansado | Desesperado | Motivado | Productivo | Sueño malo | Skin care | Protector solar | Comer sano | Agua | Iniciar temprano | Visita | Salida,4,4,limegreen
2024-04-23,Tuesday,12:11 AM,Bien,Feliz | Contento | Cansado | Estresado | Desesperado | Sueño malo | Skin care | Protector solar | Ejercicio | Comer sano | Agua | Correr / Cardio | Cocinar | Visita,4,4,limegreen
2024-04-22,Monday,4:59 PM,Meh,Contento | Cansado | Estresado | Desesperado | Sueño medio | Skin care | Protector solar | Ejercicio | Comer sano | Agua | Cocinar | Clases completas,4,3,skyblue
2024-04-21,Sunday,10:18 PM,Bien,Contento | Motivado | Sueño medio | Comer sano | Agua | Cocinar | Tarea,4,4,limegreen
2024-04-20,Saturday,1:28 AM,Bien,Emocionado | Relajado | Contento | Motivado | Productivo | Ocupado | Buen sueño | Comer sano | Agua | Iniciar temprano | Enfocado | IA & Data | Estudio,4,4,limegreen
2024-04-19,Friday,12:58 AM,Bien,Contento | Cansado | Estresado | Motivado | Productivo | Sueño malo | Ejercicio | Comer sano | Agua | Enfocado | IA & Data | Limpiar | Examen | Clases completas,4,4,limegreen
2024-04-18,Thursday,11:41 PM,Meh,Cansado | Enojado | Estresado | Productivo | Enfermo | Buen sueño | Protector solar | Ejercicio | Comer sano | Agua | Correr / Cardio | Enfocado | IA & Data | Cocinar | Clase | Estudio,4,3,skyblue
2024-04-17,Wednesday,12:35 AM,Bien,Contento | Enojado | Motivado | Ocupado | Buen sueño | Protector solar | Ejercicio | Comer sano | Agua | Enfocado | IA & Data | Cocinar | Clase | Estudio | Tarea,4,4,limegreen
2024-04-16,Tuesday,12:33 AM,Bien,Relajado | Contento | Miedo | Sueño medio | Skin care | Protector solar | Ejercicio | Comer sano | Agua | IA & Data | Lectura | Cocinar | Clase | Estudio | Examen | Clases completas,4,4,limegreen
2024-04-15,Monday,11:08 PM,Bien,Feliz | Relajado | Contento | Cansado | Procrastinar | Sueño malo | Skin care | Protector solar | Ejercicio | Comer sano | Agua | Correr / Cardio | Cocinar | Clase | Estudio | Clases completas,4,4,limegreen
2024-04-14,Sunday,11:06 PM,Bien,Feliz | Relajado | Contento | Cansado | Sueño medio | Skin care | Comer sano | Agua | Limpiar | Cocinar,4,4,limegreen
2024-04-13,Saturday,10:28 PM,Meh,Relajado | Contento | Inseguro | Ansioso | Decepcionado | Desmotivado | Buen sueño | Skin care | Comer sano | Agua | Hacer deberes | Tarea,4,3,skyblue
2024-04-12,Friday,11:45 PM,Bien,Contento | Cansado | Ocupado | Sueño temprano | Protector solar | Ejercicio | Comer sano | Agua | Examen | Clases completas,4,4,limegreen
2024-04-11,Thursday,2:04 PM,Bien,Relajado | Contento | Buen sueño | Protector solar | Ejercicio | Comer sano | Agua | Cocinar,4,4,limegreen
2024-04-10,Wednesday,12:47 AM,Bien,Relajado | Contento | Buen sueño | Protector solar | Ejercicio | Comer sano | Agua | IA & Data | Cocinar | Clases completas | Visita,4,4,limegreen
2024-04-09,Tuesday,10:59 PM,Bien,Relajado | Contento | Cansado | Procrastinar | Buen sueño | Protector solar | Ejercicio | Comer sano | Agua | Cocinar,4,4,limegreen
2024-04-08,Monday,10:28 PM,Bien,Relajado | Contento | Motivado | Sueño medio | Protector solar | Ejercicio | Comer sano | Agua | Cocinar | Clases completas,4,4,limegreen
2024-04-07,Sunday,11:11 PM,Meh,Relajado | Contento | Inseguro | Ansioso | Triste | Decepcionado | Buen sueño | Skin care | Protector solar | Comer sano | Agua | Hacer deberes | Lectura | Limpiar | Cocinar,4,3,skyblue
2024-04-06,Saturday,10:09 PM,Bien,Relajado | Contento | Ansioso | Buen sueño | Skin care | Protector solar | Comer sano | Agua | Limpiar | Estudio | Tarea,4,4,limegreen
2024-04-05,Friday,11:01 PM,Bien,Relajado | Contento | Desmotivado | Procrastinar | Buen sueño | Skin care | Ejercicio | Comer sano | Agua | Lectura,4,4,limegreen
2024-04-04,Thursday,12:11 AM,Bien,Relajado | Contento | Ansioso | Buen sueño | Skin care | Ejercicio | Comer sano | Agua | Lectura | Clase,4,4,limegreen
2024-04-03,Wednesday,11:14 PM,Bien,Relajado | Contento | Procrastinar | Buen sueño | Protector solar | Haircut | Ejercicio | Comer sano | Agua | Iniciar temprano | Hacer deberes | Compras,4,4,limegreen
2024-04-02,Tuesday,11:14 PM,Bien,Relajado | Contento | Procrastinar | Buen sueño | Skin care | Protector solar | Ejercicio | Comer sano | Agua | Iniciar temprano,4,4,limegreen
2024-04-01,Monday,12:04 AM,Bien,Relajado | Contento | Cansado | Motivado | Enfermo | Ocupado | Buen sueño | Skin care | Protector solar | Ejercicio | Agua | Iniciar temprano | Hacer deberes | Viaje,4,4,limegreen
2024-03-31,Sunday,11:40 PM,Bien,Relajado | Contento | Productivo | Sueño medio | Skin care | Comer sano | Agua | Enfocado | Inglés | Estudio,3,4,limegreen
2024-03-30,Saturday,10:30 PM,Bien,Relajado | Contento | Motivado | Productivo | Buen sueño | Comer sano | Agua | Enfocado | Inglés | Lectura | Estudio,3,4,limegreen
2024-03-29,Friday,10:27 PM,Bien,Relajado | Contento | Procrastinar | Buen sueño | Skin care | Ejercicio | Comer sano | Agua | Inglés | Lectura | Estudio,3,4,limegreen
2024-03-28,Thursday,11:09 PM,Bien,Relajado | Contento | Enfermo | Procrastinar | Buen sueño | Skin care | Ejercicio | Comer sano | Agua,3,4,limegreen
2024-03-27,Wednesday,12:02 AM,Bien,Relajado | Contento | Cansado | Enfermo | Procrastinar | Buen sueño | Skin care | Protector solar | Ejercicio | Comer sano | Agua | IA & Data | Estudio | Tarea,3,4,limegreen
2024-03-26,Tuesday,11:43 PM,Bien,Feliz | Relajado | Contento | Procrastinar | Buen sueño | Skin care | Ejercicio | Comer sano | Agua | Iniciar temprano | Inglés | IA & Data | Lectura | Estudio,3,4,limegreen
2024-03-25,Monday,11:26 PM,Bien,Feliz | Emocionado | Relajado | Contento | Cansado | Motivado | Productivo | Ocupado | Buen sueño | Skin care | Protector solar | Ejercicio | Comer sano | Agua | Iniciar temprano | Enfocado | Inglés | IA & Data | Lectura | Compras | Estudio,3,4,limegreen
2024-03-24,Sunday,9:00 AM,Bien,Feliz | Relajado | Contento | Motivado | Procrastinar | Buen sueño | Skin care | Protector solar | Enfocado | Inglés | Lectura | Estudio,3,4,limegreen
2024-03-23,Saturday,11:39 PM,Bien,Feliz | Relajado | Contento | Motivado | Productivo | Buen sueño | Skin care | Agua | Iniciar temprano | Hacer deberes | Enfocado | Inglés | IA & Data | Lectura | Limpiar | Estudio,3,4,limegreen
2024-03-22,Friday,12:35 AM,Bien,Emocionado | Contento | Ansioso | Desesperado | Motivado | Buen sueño | Skin care | Protector solar | Enfocado | Limpiar,3,4,limegreen
2024-03-21,Thursday,11:14 PM,Bien,Emocionado | Contento | Ansioso | Motivado | Buen sueño | Skin care | Protector solar | Tarea,3,4,limegreen
2024-03-20,Wednesday,12:16 AM,Bien,Emocionado | Contento | Inseguro | Ansioso | Desesperado | Buen sueño | Skin care | Lectura | Estudio | Clases completas,3,4,limegreen
2024-03-19,Tuesday,9:48 AM,Meh,Relajado | Cansado | Desmotivado | Sueño medio | Tarea | Clases completas,3,3,skyblue
2024-03-18,Monday,10:53 PM,Bien,Relajado | Contento | Sueño medio | Hacer deberes | Enfocado | Tarea,3,4,limegreen
2024-03-17,Sunday,12:05 AM,Meh,Relajado | Contento | Cansado | Estresado | Buen sueño,3,3,skyblue
2024-03-16,Saturday,8:47 PM,Bien,Feliz | Emocionado | Enamorado | Contento | Motivado | Sin dormir | Enfocado | Proyecto grupal | Viaje | Competencia,3,4,limegreen
2024-03-15,Friday,8:45 PM,Bien,Feliz | Emocionado | Contento | Motivado | Enfermo | Sueño medio | Iniciar temprano | Enfocado | Proyecto grupal | Viaje | Competencia,3,4,limegreen
2024-03-14,Thursday,8:42 PM,Bien,Relajado | Contento | Motivado | Productivo | Enfermo | Ocupado | Buen sueño | Skin care | Ejercicio | Lectura | Examen | Viaje,3,4,limegreen
2024-03-13,Wednesday,12:06 AM,Mal,Relajado | Contento | Estresado | Enfermo | Buen sueño | Skin care | Protector solar | Ejercicio | Tarea,3,2,orange
2024-03-12,Tuesday,12:07 AM,Bien,Contento | Cansado | Ansioso | Enfermo | Sueño medio | Skin care | Clases completas,3,4,limegreen
2024-03-11,Monday,12:27 AM,Meh,Contento | Enfermo | Buen sueño | Skin care | IA & Data | Cocinar | Clase | Estudio | Clases completas,3,3,skyblue
2024-03-10,Sunday,10:37 PM,Bien,Feliz | Contento | Cansado | Enfermo | Buen sueño,3,4,limegreen
2024-03-09,Saturday,12:14 AM,Bien,Feliz | Relajado | Contento | Cansado | Enfermo | Buen sueño | Lectura,3,4,limegreen
2024-03-08,Friday,11:17 PM,Bien,Contento | Cansado | Ansioso | Estresado | Sueño medio | Skin care | IA & Data | Lectura | Clase | Clases completas,3,4,limegreen
2024-03-07,Thursday,10:18 PM,Bien,Feliz | Contento | Cansado | Estresado | Motivado | Sueño malo | Skin care | Ejercicio | Cocinar | Tarea | Clases completas,3,4,limegreen
2024-03-06,Wednesday,10:38 PM,Bien,Contento | Cansado | Sueño malo | Skin care | Ejercicio | IA & Data | Clase | Tarea | Clases completas,3,4,limegreen
2024-03-05,Tuesday,11:01 PM,Meh,Relajado | Cansado | Inseguro | Ansioso | Decepcionado | Sueño medio | Skin care | Protector solar | Ejercicio | Lectura | Cocinar | Tarea | Clases completas,3,3,skyblue
2024-03-04,Monday,12:25 AM,Bien,Relajado | Contento | Cansado | Buen sueño | Skin care | Protector solar | Ejercicio | IA & Data | Cocinar | Clase,3,4,limegreen
2024-03-03,Sunday,10:49 PM,Bien,Relajado | Contento | Sueño medio | Hacer deberes | Lectura | Limpiar,3,4,limegreen
2024-03-02,Saturday,11:03 PM,Bien,Feliz | Contento | Motivado | Productivo | Buen sueño | Ejercicio | Iniciar temprano | Hacer deberes | IA & Data | Lectura | Limpiar | Tarea,3,4,limegreen
2024-03-01,Friday,12:14 AM,Bien,Emocionado | Relajado | Contento | Inseguro | Ansioso | Estresado | Buen sueño | Skin care | Hacer deberes | Examen | Clases completas,3,4,limegreen
2024-02-29,Thursday,11:45 PM,Bien,Contento | Inseguro | Ansioso | Sueño malo | Skin care | Protector solar | Lectura | Limpiar | Estudio | Tarea,2,4,limegreen
2024-02-28,Wednesday,11:12 PM,Bien,Relajado | Contento | Motivado | Buen sueño | Skin care | Protector solar | IA & Data | Lectura | Cocinar | Clase | Estudio | Tarea | Clases completas,2,4,limegreen
2024-02-27,Tuesday,12:05 AM,Bien,Contento | Ansioso | Buen sueño | Skin care | Protector solar | Ejercicio | Lectura | Tarea,2,4,limegreen
2024-02-26,Monday,10:00 PM,Bien,Contento | Cansado | Sueño malo | Skin care | Protector solar | Ejercicio | IA & Data | Lectura | Cocinar | Clase,2,4,limegreen
2024-02-25,Sunday,10:58 PM,Mal,Cansado | Inseguro | Desesperado | Miedo | Sueño medio | Skin care,2,2,orange
2024-02-24,Saturday,9:32 PM,Meh,Relajado | Ansioso | Enojado | Estresado | Desesperado | Decepcionado | Buen sueño | Skin care | Tarea,2,3,skyblue
2024-02-23,Friday,1:11 AM,Meh,Contento | Cansado | Aburrido | Enojado | Estresado | Sueño medio | Skin care | IA & Data | Tarea | Clases completas,2,3,skyblue
2024-02-22,Thursday,9:26 PM,Bien,Feliz | Enamorado | Relajado | Contento | Cansado | Sueño medio | Skin care | Ejercicio | Limpiar,2,4,limegreen
2024-02-21,Wednesday,10:43 PM,Bien,Emocionado | Contento | Ansioso | Sueño malo | Skin care | Protector solar | Ejercicio | IA & Data | Tarea | Clases completas,2,4,limegreen
2024-02-20,Tuesday,8:20 PM,Bien,Enamorado | Relajado | Contento | Desesperado | Buen sueño | Skin care | Protector solar | Ejercicio | Hacer deberes | Compras | Cocinar | Clases completas,2,4,limegreen
2024-02-19,Monday,8:39 PM,Bien,Enamorado | Relajado | Contento | Cansado | Sueño medio | IA & Data | Compras | Cocinar | Clase | Tarea | Proyecto grupal | Clases completas | Visita,2,4,limegreen
2024-02-18,Sunday,11:26 PM,Bien,Contento | Enojado | Estresado | Desesperado | Buen sueño | Lectura,2,4,limegreen
2024-02-17,Saturday,4:35 PM,Bien,Relajado | Contento | Decepcionado | Sueño medio | Iniciar temprano | Lectura | Tarea,2,4,limegreen
2024-02-16,Friday,12:13 AM,Bien,Contento | Cansado | Ansioso | Estresado | Sueño medio | IA & Data | Clase | Clases completas,2,4,limegreen
2024-02-15,Thursday,10:06 PM,Bien,Feliz | Emocionado | Contento | Cansado | Buen sueño | Compras | Limpiar | Clases completas | Salida,2,4,limegreen
2024-02-14,Wednesday,7:47 PM,Bien,Relajado | Contento | Cansado | Sueño medio | Ejercicio | Agua | Hacer deberes | IA & Data | Limpiar | Clase | Proyecto grupal | Clases completas,2,4,limegreen
2024-02-13,Tuesday,9:18 PM,Bien,Relajado | Contento | Buen sueño | Ejercicio | Agua | Tarea,2,4,limegreen
2024-02-12,Monday,1:10 AM,Bien,Feliz | Relajado | Contento | Sueño medio | Ejercicio | Agua | Iniciar temprano | Cocinar | Clase | Tarea,2,4,limegreen
2024-02-11,Sunday,10:23 PM,Mal,Cansado | Ansioso | Enojado | Estresado | Decepcionado | Sueño malo | Compras | Viaje,2,2,orange
2024-02-10,Saturday,7:58 PM,Bien,Feliz | Relajado | Contento | Ansioso | Sueño medio | Viaje | Vacaciones,2,4,limegreen
2024-02-09,Friday,6:53 PM,Horrible,Inseguro | Ansioso | Enojado | Estresado | Triste | Desesperado | Decepcionado | Sueño medio | Clase | Viaje | Vacaciones,2,1,crimson
2024-02-08,Thursday,7:18 PM,Bien,Feliz | Relajado | Contento | Ansioso | Estresado | Sueño medio | Lectura,2,4,limegreen
2024-02-07,Wednesday,12:07 AM,Bien,Emocionado | Relajado | Contento | Ansioso | Buen sueño | Limpiar | Clase | Tarea | Proyecto grupal,2,4,limegreen
2024-02-06,Tuesday,11:27 PM,Bien,Emocionado | Contento | Cansado | Ansioso | Sueño malo | Compras,2,4,limegreen
2024-02-05,Monday,9:02 PM,Meh,Emocionado | Ansioso | Estresado | Buen sueño | Lectura | Tarea,2,3,skyblue
2024-02-04,Sunday,9:46 PM,Mal,Relajado | Cansado | Ansioso | Enojado | Estresado | Desesperado | Decepcionado | Buen sueño | Iniciar temprano | Compras | Proyecto grupal,2,2,orange
2024-02-03,Saturday,9:18 PM,Meh,Relajado | Contento | Ansioso | Estresado | Desesperado | Sueño medio | Comer sano,2,3,skyblue
2024-02-02,Friday,7:14 PM,Bien,Contento | Cansado | Ansioso | Sueño medio | Clase | Clases completas,2,4,limegreen
2024-02-01,Thursday,9:36 PM,Meh,Relajado | Contento | Cansado | Aburrido | Estresado | Buen sueño | Ejercicio | Comer sano | Agua | Lectura | Limpiar,2,3,skyblue
2024-01-31,Wednesday,9:14 PM,Bien,Feliz | Contento | Cansado | Ansioso | Sueño malo | Comer sano | Agua | IA & Data | Lectura | Cocinar | Tarea | Clases completas,1,4,limegreen
2024-01-30,Tuesday,6:44 AM,Bien,Feliz | Relajado | Contento | Buen sueño | Ejercicio | Comer sano | Agua | Cocinar | Clases completas,1,4,limegreen
2024-01-29,Monday,8:46 PM,Bien,Contento | Cansado | Buen sueño | Ejercicio | Comer sano | Agua | Iniciar temprano | Cocinar | Clase | Clases completas,1,4,limegreen
2024-01-28,Sunday,8:57 PM,Mal,Aburrido | Enojado | Estresado | Triste | Desesperado | Decepcionado | Buen sueño | Iniciar temprano | Lectura | Limpiar,1,2,orange
2024-01-27,Saturday,11:19 PM,Meh,Contento | Cansado | Ansioso | Enojado | Estresado | Decepcionado | Sueño malo | Agua | Iniciar temprano | Hacer deberes | IA & Data | Lectura | Limpiar,1,3,skyblue
2024-01-26,Friday,9:22 PM,Bien,Inseguro | Aburrido | Ansioso | Enojado | Triste | Sueño medio | Comer sano | Hacer deberes | Inglés | IA & Data | Compras | Limpiar,1,4,limegreen
2024-01-25,Thursday,8:09 PM,Bien,Contento | Ansioso | Buen sueño | Ejercicio | Comer sano | Agua | Enfocado | Inglés,1,4,limegreen
2024-01-24,Wednesday,10:05 PM,Bien,Cansado | Estresado | Sueño medio | Ejercicio | Agua | Enfocado | Inglés | Compras | Clase,1,4,limegreen
2024-01-23,Tuesday,9:14 PM,Bien,Feliz | Relajado | Contento | Cansado | Inseguro | Desesperado | Sueño medio | Enfocado | Inglés,1,4,limegreen
2024-01-22,Monday,10:40 AM,Bien,Contento | Cansado | Ansioso | Buen sueño | Ejercicio | Comer sano | Agua | Enfocado | Inglés | IA & Data | Clase,1,4,limegreen
2024-01-21,Sunday,8:47 PM,Bien,Relajado | Contento | Ansioso | Buen sueño | Inglés,1,4,limegreen
2024-01-20,Saturday,10:15 PM,Bien,Contento | Inseguro | Enojado | Estresado | Buen sueño | Comer sano | Agua | Hacer deberes | Enfocado | Inglés | IA & Data | Limpiar,1,4,limegreen
2024-01-19,Friday,9:16 PM,Bien,Cansado | Ansioso | Sueño malo | Comer sano | Inglés | Clase,1,4,limegreen
2024-01-18,Thursday,8:23 PM,Bien,Contento | Cansado | Buen sueño | Ejercicio | Comer sano | Agua | Iniciar temprano | Hacer deberes | Enfocado | Inglés | Limpiar,1,4,limegreen
2024-01-17,Wednesday,8:31 PM,Bien,Contento | Cansado | Desesperado | Buen sueño | Ejercicio | Comer sano | Agua | Iniciar temprano | Hacer deberes | Enfocado | Inglés | IA & Data | Limpiar | Clase,1,4,limegreen
2024-01-16,Tuesday,8:45 PM,Bien,Emocionado | Contento | Inseguro | Triste | Desesperado | Buen sueño | Ejercicio | Comer sano | Agua | Hacer deberes | Lectura,1,4,limegreen
2024-01-15,Monday,8:26 PM,Bien,Contento | Inseguro | Ansioso | Desesperado | Sueño medio | Algoritmos | IA & Data | Clase | Estudio,1,4,limegreen
2024-01-14,Sunday,11:43 PM,Bien,Feliz | Contento | Ansioso | Desesperado | Sueño medio | Agua | Hacer deberes | Limpiar,1,4,limegreen
2024-01-13,Saturday,11:14 PM,Bien,Feliz | Relajado | Contento | Buen sueño | Comer sano | Hacer deberes | Limpiar,1,4,limegreen
2024-01-12,Friday,9:05 PM,Bien,Feliz | Contento | Ansioso | Buen sueño | Ejercicio | Comer sano | Clase,1,4,limegreen
2024-01-11,Thursday,11:22 PM,Bien,Relajado | Contento | Inseguro | Ansioso | Sueño medio | Ejercicio | Agua,1,4,limegreen
2024-01-10,Wednesday,8:00 PM,Bien,Feliz | Contento | Ansioso | Sueño medio | Ejercicio | Comer sano | Agua | Hacer deberes | IA & Data | Compras | Clase,1,4,limegreen
2024-01-09,Tuesday,10:41 PM,Meh,Contento | Ansioso | Estresado | Sueño medio | Ejercicio | Comer sano | Agua | Algoritmos | IA & Data,1,3,skyblue
2024-01-08,Monday,7:26 PM,Bien,Feliz | Relajado | Contento | Sueño medio | Ejercicio | Comer sano | Agua | Iniciar temprano | Enfocado | Inglés | Algoritmos | Lectura | Compras | Clase,1,4,limegreen
2024-01-07,Sunday,8:07 PM,Meh,Feliz | Contento | Aburrido | Sueño medio | Agua | IA & Data,1,3,skyblue
2024-01-06,Saturday,7:01 PM,Bien,Aburrido | Ansioso | Sueño medio | Agua | IA & Data,1,4,limegreen
2024-01-05,Friday,7:14 PM,Bien,Cansado | Aburrido | Ansioso | Sueño medio | Ejercicio | Agua | IA & Data | Clase,1,4,limegreen
2024-01-04,Thursday,9:36 PM,Bien,Feliz | Relajado | Buen sueño | Ejercicio | Comer sano | Agua | Inglés | IA & Data | Estudio,1,4,limegreen
2024-01-03,Wednesday,7:26 PM,Bien,Feliz | Contento | Buen sueño | Ejercicio | Agua | Iniciar temprano | Enfocado | Inglés | Algoritmos | IA & Data | Clase | Estudio,1,4,limegreen
2024-01-02,Tuesday,8:17 PM,Bien,Feliz | Relajado | Contento | Sueño medio | Ejercicio | Agua | Estudio,1,4,limegreen
2024-01-01,Monday,1:56 PM,Meh,Relajado | Aburrido | Sueño medio,1,3,skyblue
